service_type_raw,nn,column_name,column_index,total_rows,non_null_count,non_empty_count,effective_filled_count,fill_rate,effective_fill_rate,notes
居宅介護,11,都道府県コード又は市区町村コード,0,24812,24812,24812,24812,100.0,100.0,
居宅介護,11,NO（※システム内の固有の番号、連番）,1,24812,24812,24812,24812,100.0,100.0,
居宅介護,11,指定機関名,2,24812,24812,24812,24812,100.0,100.0,
居宅介護,11,法人の名称,3,24812,24812,24812,24812,100.0,100.0,
居宅介護,11,法人の名称_かな,4,24812,24812,24812,24812,100.0,100.0,
居宅介護,11,法人番号,5,24812,24812,22611,22611,91.13,91.13,
居宅介護,11,法人住所（市区町村）,6,24812,24812,24812,24812,100.0,100.0,
居宅介護,11,法人住所（番地以降）,7,24812,24812,24812,24812,100.0,100.0,
居宅介護,11,法人電話番号,8,24812,24812,24812,24812,100.0,100.0,
居宅介護,11,法人FAX番号,9,24812,24812,23387,23385,94.26,94.25,
居宅介護,11,法人URL,10,24812,24812,14358,14358,57.87,57.87,
居宅介護,11,サービス種別,11,24812,24812,24812,24812,100.0,100.0,
居宅介護,11,事業所の名称,12,24812,24812,24812,24812,100.0,100.0,
居宅介護,11,事業所の名称_かな,13,24812,24812,24812,24812,100.0,100.0,
居宅介護,11,事業所番号,14,24812,24812,24812,24812,100.0,100.0,
居宅介護,11,事業所住所（市区町村）,15,24812,24812,24812,24812,100.0,100.0,
居宅介護,11,事業所住所（番地以降）,16,24812,24812,24812,24812,100.0,100.0,
居宅介護,11,事業所電話番号,17,24812,24812,24812,24812,100.0,100.0,
居宅介護,11,事業所FAX番号,18,24812,24812,23913,23913,96.38,96.38,
居宅介護,11,事業所URL,19,24812,24812,9954,9954,40.12,40.12,欠損多い
居宅介護,11,事業所緯度,20,24812,24812,24812,24812,100.0,100.0,
居宅介護,11,事業所経度,21,24812,24812,24812,24812,100.0,100.0,
居宅介護,11,利用可能な時間帯（平日）,22,24812,24812,18954,18954,76.39,76.39,
居宅介護,11,利用可能な時間帯（土曜）,23,24812,24812,16396,16396,66.08,66.08,
居宅介護,11,利用可能な時間帯（日曜）,24,24812,24812,14095,14095,56.81,56.81,
居宅介護,11,利用可能な時間帯（祝日）,25,24812,24812,15793,15793,63.65,63.65,
居宅介護,11,定休日,26,24812,24812,18577,16649,74.87,67.1,
居宅介護,11,利用可能曜日特記事項（留意事項）,27,24812,24812,9618,9050,38.76,36.47,欠損多い
居宅介護,11,定員,28,24812,24812,0,0,0.0,0.0,ほぼ空
重度訪問介護,12,都道府県コード又は市区町村コード,0,20803,20803,20803,20803,100.0,100.0,
重度訪問介護,12,NO（※システム内の固有の番号、連番）,1,20803,20803,20803,20803,100.0,100.0,
重度訪問介護,12,指定機関名,2,20803,20803,20803,20803,100.0,100.0,
重度訪問介護,12,法人の名称,3,20803,20803,20803,20803,100.0,100.0,
重度訪問介護,12,法人の名称_かな,4,20803,20803,20803,20803,100.0,100.0,
重度訪問介護,12,法人番号,5,20803,20803,18925,18925,90.97,90.97,
重度訪問介護,12,法人住所（市区町村）,6,20803,20803,20803,20803,100.0,100.0,
重度訪問介護,12,法人住所（番地以降）,7,20803,20803,20803,20803,100.0,100.0,
重度訪問介護,12,法人電話番号,8,20803,20803,20803,20803,100.0,100.0,
重度訪問介護,12,法人FAX番号,9,20803,20803,19638,19636,94.4,94.39,
重度訪問介護,12,法人URL,10,20803,20803,11997,11997,57.67,57.67,
重度訪問介護,12,サービス種別,11,20803,20803,20803,20803,100.0,100.0,
重度訪問介護,12,事業所の名称,12,20803,20803,20803,20803,100.0,100.0,
重度訪問介護,12,事業所の名称_かな,13,20803,20803,20803,20803,100.0,100.0,
重度訪問介護,12,事業所番号,14,20803,20803,20803,20803,100.0,100.0,
重度訪問介護,12,事業所住所（市区町村）,15,20803,20803,20803,20803,100.0,100.0,
重度訪問介護,12,事業所住所（番地以降）,16,20803,20803,20803,20803,100.0,100.0,
重度訪問介護,12,事業所電話番号,17,20803,20803,20803,20803,100.0,100.0,
重度訪問介護,12,事業所FAX番号,18,20803,20803,19860,19860,95.47,95.47,
重度訪問介護,12,事業所URL,19,20803,20803,7506,7506,36.08,36.08,欠損多い
重度訪問介護,12,事業所緯度,20,20803,20803,20803,20803,100.0,100.0,
重度訪問介護,12,事業所経度,21,20803,20803,20803,20803,100.0,100.0,
重度訪問介護,12,利用可能な時間帯（平日）,22,20803,20803,14635,14635,70.35,70.35,
重度訪問介護,12,利用可能な時間帯（土曜）,23,20803,20803,12690,12690,61.0,61.0,
重度訪問介護,12,利用可能な時間帯（日曜）,24,20803,20803,10946,10946,52.62,52.62,
重度訪問介護,12,利用可能な時間帯（祝日）,25,20803,20803,12232,12232,58.8,58.8,
重度訪問介護,12,定休日,26,20803,20803,14375,12868,69.1,61.86,
重度訪問介護,12,利用可能曜日特記事項（留意事項）,27,20803,20803,7478,7019,35.95,33.74,欠損多い
重度訪問介護,12,定員,28,20803,20803,0,0,0.0,0.0,ほぼ空
行動援護,13,都道府県コード又は市区町村コード,0,3019,3019,3019,3019,100.0,100.0,
行動援護,13,NO（※システム内の固有の番号、連番）,1,3019,3019,3019,3019,100.0,100.0,
行動援護,13,指定機関名,2,3019,3019,3019,3019,100.0,100.0,
行動援護,13,法人の名称,3,3019,3019,3019,3019,100.0,100.0,
行動援護,13,法人の名称_かな,4,3019,3019,3019,3019,100.0,100.0,
行動援護,13,法人番号,5,3019,3019,2800,2800,92.75,92.75,
行動援護,13,法人住所（市区町村）,6,3019,3019,3019,3019,100.0,100.0,
行動援護,13,法人住所（番地以降）,7,3019,3019,3019,3019,100.0,100.0,
行動援護,13,法人電話番号,8,3019,3019,3019,3019,100.0,100.0,
行動援護,13,法人FAX番号,9,3019,3019,2880,2879,95.4,95.36,
行動援護,13,法人URL,10,3019,3019,1843,1843,61.05,61.05,
行動援護,13,サービス種別,11,3019,3019,3019,3019,100.0,100.0,
行動援護,13,事業所の名称,12,3019,3019,3019,3019,100.0,100.0,
行動援護,13,事業所の名称_かな,13,3019,3019,3019,3019,100.0,100.0,
行動援護,13,事業所番号,14,3019,3019,3019,3019,100.0,100.0,
行動援護,13,事業所住所（市区町村）,15,3019,3019,3019,3019,100.0,100.0,
行動援護,13,事業所住所（番地以降）,16,3019,3019,3019,3019,100.0,100.0,
行動援護,13,事業所電話番号,17,3019,3019,3019,3019,100.0,100.0,
行動援護,13,事業所FAX番号,18,3019,3019,2828,2828,93.67,93.67,
行動援護,13,事業所URL,19,3019,3019,1342,1342,44.45,44.45,欠損多い
行動援護,13,事業所緯度,20,3019,3019,3019,3019,100.0,100.0,
行動援護,13,事業所経度,21,3019,3019,3019,3019,100.0,100.0,
行動援護,13,利用可能な時間帯（平日）,22,3019,3019,1993,1993,66.02,66.02,
行動援護,13,利用可能な時間帯（土曜）,23,3019,3019,1798,1798,59.56,59.56,
行動援護,13,利用可能な時間帯（日曜）,24,3019,3019,1567,1567,51.9,51.9,
行動援護,13,利用可能な時間帯（祝日）,25,3019,3019,1681,1681,55.68,55.68,
行動援護,13,定休日,26,3019,3019,1920,1730,63.6,57.3,
行動援護,13,利用可能曜日特記事項（留意事項）,27,3019,3019,1012,953,33.52,31.57,欠損多い
行動援護,13,定員,28,3019,3019,0,0,0.0,0.0,ほぼ空
重度障害者等包括支援,14,都道府県コード又は市区町村コード,0,19,19,19,19,100.0,100.0,
重度障害者等包括支援,14,NO（※システム内の固有の番号、連番）,1,19,19,19,19,100.0,100.0,
重度障害者等包括支援,14,指定機関名,2,19,19,19,19,100.0,100.0,
重度障害者等包括支援,14,法人の名称,3,19,19,19,19,100.0,100.0,
重度障害者等包括支援,14,法人の名称_かな,4,19,19,19,19,100.0,100.0,
重度障害者等包括支援,14,法人番号,5,19,19,19,19,100.0,100.0,
重度障害者等包括支援,14,法人住所（市区町村）,6,19,19,19,19,100.0,100.0,
重度障害者等包括支援,14,法人住所（番地以降）,7,19,19,19,19,100.0,100.0,
重度障害者等包括支援,14,法人電話番号,8,19,19,19,19,100.0,100.0,
重度障害者等包括支援,14,法人FAX番号,9,19,19,19,19,100.0,100.0,
重度障害者等包括支援,14,法人URL,10,19,19,18,18,94.74,94.74,
重度障害者等包括支援,14,サービス種別,11,19,19,19,19,100.0,100.0,
重度障害者等包括支援,14,事業所の名称,12,19,19,19,19,100.0,100.0,
重度障害者等包括支援,14,事業所の名称_かな,13,19,19,19,19,100.0,100.0,
重度障害者等包括支援,14,事業所番号,14,19,19,19,19,100.0,100.0,
重度障害者等包括支援,14,事業所住所（市区町村）,15,19,19,19,19,100.0,100.0,
重度障害者等包括支援,14,事業所住所（番地以降）,16,19,19,19,19,100.0,100.0,
重度障害者等包括支援,14,事業所電話番号,17,19,19,19,19,100.0,100.0,
重度障害者等包括支援,14,事業所FAX番号,18,19,19,19,19,100.0,100.0,
重度障害者等包括支援,14,事業所URL,19,19,19,10,10,52.63,52.63,
重度障害者等包括支援,14,事業所緯度,20,19,19,19,19,100.0,100.0,
重度障害者等包括支援,14,事業所経度,21,19,19,19,19,100.0,100.0,
重度障害者等包括支援,14,利用可能な時間帯（平日）,22,19,19,0,0,0.0,0.0,ほぼ空
重度障害者等包括支援,14,利用可能な時間帯（土曜）,23,19,19,0,0,0.0,0.0,ほぼ空
重度障害者等包括支援,14,利用可能な時間帯（日曜）,24,19,19,0,0,0.0,0.0,ほぼ空
重度障害者等包括支援,14,利用可能な時間帯（祝日）,25,19,19,0,0,0.0,0.0,ほぼ空
重度障害者等包括支援,14,定休日,26,19,19,0,0,0.0,0.0,ほぼ空
重度障害者等包括支援,14,利用可能曜日特記事項（留意事項）,27,19,19,0,0,0.0,0.0,ほぼ空
重度障害者等包括支援,14,定員,28,19,19,0,0,0.0,0.0,ほぼ空
同行援護,15,都道府県コード又は市区町村コード,0,7640,7640,7640,7640,100.0,100.0,
同行援護,15,NO（※システム内の固有の番号、連番）,1,7640,7640,7640,7640,100.0,100.0,
同行援護,15,指定機関名,2,7640,7640,7640,7640,100.0,100.0,
同行援護,15,法人の名称,3,7640,7640,7640,7640,100.0,100.0,
同行援護,15,法人の名称_かな,4,7640,7640,7640,7640,100.0,100.0,
同行援護,15,法人番号,5,7640,7640,6990,6990,91.49,91.49,
同行援護,15,法人住所（市区町村）,6,7640,7640,7640,7640,100.0,100.0,
同行援護,15,法人住所（番地以降）,7,7640,7640,7640,7640,100.0,100.0,
同行援護,15,法人電話番号,8,7640,7640,7640,7640,100.0,100.0,
同行援護,15,法人FAX番号,9,7640,7640,7337,7337,96.03,96.03,
同行援護,15,法人URL,10,7640,7640,4476,4476,58.59,58.59,
同行援護,15,サービス種別,11,7640,7640,7640,7640,100.0,100.0,
同行援護,15,事業所の名称,12,7640,7640,7640,7640,100.0,100.0,
同行援護,15,事業所の名称_かな,13,7640,7640,7640,7640,100.0,100.0,
同行援護,15,事業所番号,14,7640,7640,7640,7640,100.0,100.0,
同行援護,15,事業所住所（市区町村）,15,7640,7640,7640,7640,100.0,100.0,
同行援護,15,事業所住所（番地以降）,16,7640,7640,7640,7640,100.0,100.0,
同行援護,15,事業所電話番号,17,7640,7640,7640,7640,100.0,100.0,
同行援護,15,事業所FAX番号,18,7640,7640,7385,7384,96.66,96.65,
同行援護,15,事業所URL,19,7640,7640,2880,2880,37.7,37.7,欠損多い
同行援護,15,事業所緯度,20,7640,7640,7640,7640,100.0,100.0,
同行援護,15,事業所経度,21,7640,7640,7640,7640,100.0,100.0,
同行援護,15,利用可能な時間帯（平日）,22,7640,7640,5376,5376,70.37,70.37,
同行援護,15,利用可能な時間帯（土曜）,23,7640,7640,4673,4673,61.16,61.16,
同行援護,15,利用可能な時間帯（日曜）,24,7640,7640,3947,3947,51.66,51.66,
同行援護,15,利用可能な時間帯（祝日）,25,7640,7640,4431,4431,58.0,58.0,
同行援護,15,定休日,26,7640,7640,5261,4907,68.86,64.23,
同行援護,15,利用可能曜日特記事項（留意事項）,27,7640,7640,2921,2836,38.23,37.12,欠損多い
同行援護,15,定員,28,7640,7640,0,0,0.0,0.0,ほぼ空
療養介護,21,都道府県コード又は市区町村コード,0,267,267,267,267,100.0,100.0,
療養介護,21,NO（※システム内の固有の番号、連番）,1,267,267,267,267,100.0,100.0,
療養介護,21,指定機関名,2,267,267,267,267,100.0,100.0,
療養介護,21,法人の名称,3,267,267,267,267,100.0,100.0,
療養介護,21,法人の名称_かな,4,267,267,267,267,100.0,100.0,
療養介護,21,法人番号,5,267,267,258,258,96.63,96.63,
療養介護,21,法人住所（市区町村）,6,267,267,267,267,100.0,100.0,
療養介護,21,法人住所（番地以降）,7,267,267,267,267,100.0,100.0,
療養介護,21,法人電話番号,8,267,267,267,267,100.0,100.0,
療養介護,21,法人FAX番号,9,267,267,248,248,92.88,92.88,
療養介護,21,法人URL,10,267,267,251,251,94.01,94.01,
療養介護,21,サービス種別,11,267,267,267,267,100.0,100.0,
療養介護,21,事業所の名称,12,267,267,267,267,100.0,100.0,
療養介護,21,事業所の名称_かな,13,267,267,267,267,100.0,100.0,
療養介護,21,事業所番号,14,267,267,267,267,100.0,100.0,
療養介護,21,事業所住所（市区町村）,15,267,267,267,267,100.0,100.0,
療養介護,21,事業所住所（番地以降）,16,267,267,267,267,100.0,100.0,
療養介護,21,事業所電話番号,17,267,267,267,267,100.0,100.0,
療養介護,21,事業所FAX番号,18,267,267,254,254,95.13,95.13,
療養介護,21,事業所URL,19,267,267,226,226,84.64,84.64,
療養介護,21,事業所緯度,20,267,267,267,267,100.0,100.0,
療養介護,21,事業所経度,21,267,267,267,267,100.0,100.0,
療養介護,21,利用可能な時間帯（平日）,22,267,267,0,0,0.0,0.0,ほぼ空
療養介護,21,利用可能な時間帯（土曜）,23,267,267,0,0,0.0,0.0,ほぼ空
療養介護,21,利用可能な時間帯（日曜）,24,267,267,0,0,0.0,0.0,ほぼ空
療養介護,21,利用可能な時間帯（祝日）,25,267,267,0,0,0.0,0.0,ほぼ空
療養介護,21,定休日,26,267,267,0,0,0.0,0.0,ほぼ空
療養介護,21,利用可能曜日特記事項（留意事項）,27,267,267,0,0,0.0,0.0,ほぼ空
療養介護,21,定員,28,267,267,237,237,88.76,88.76,
生活介護,22,都道府県コード又は市区町村コード,0,13049,13049,13049,13049,100.0,100.0,
生活介護,22,NO（※システム内の固有の番号、連番）,1,13049,13049,13049,13049,100.0,100.0,
生活介護,22,指定機関名,2,13049,13049,13049,13049,100.0,100.0,
生活介護,22,法人の名称,3,13049,13049,13049,13049,100.0,100.0,
生活介護,22,法人の名称_かな,4,13049,13049,13049,13049,100.0,100.0,
生活介護,22,法人番号,5,13049,13049,12490,12490,95.72,95.72,
生活介護,22,法人住所（市区町村）,6,13049,13049,13049,13049,100.0,100.0,
生活介護,22,法人住所（番地以降）,7,13049,13049,13049,13049,100.0,100.0,
生活介護,22,法人電話番号,8,13049,13049,13049,13049,100.0,100.0,
生活介護,22,法人FAX番号,9,13049,13049,12664,12656,97.05,96.99,
生活介護,22,法人URL,10,13049,13049,10925,10925,83.72,83.72,
生活介護,22,サービス種別,11,13049,13049,13049,13049,100.0,100.0,
生活介護,22,事業所の名称,12,13049,13049,13049,13049,100.0,100.0,
生活介護,22,事業所の名称_かな,13,13049,13049,13049,13049,100.0,100.0,
生活介護,22,事業所番号,14,13049,13049,13049,13049,100.0,100.0,
生活介護,22,事業所住所（市区町村）,15,13049,13049,13049,13049,100.0,100.0,
生活介護,22,事業所住所（番地以降）,16,13049,13049,13049,13049,100.0,100.0,
生活介護,22,事業所電話番号,17,13049,13049,13049,13049,100.0,100.0,
生活介護,22,事業所FAX番号,18,13049,13049,12464,12462,95.52,95.5,
生活介護,22,事業所URL,19,13049,13049,8956,8956,68.63,68.63,
生活介護,22,事業所緯度,20,13049,13049,13049,13049,100.0,100.0,
生活介護,22,事業所経度,21,13049,13049,13049,13049,100.0,100.0,
生活介護,22,利用可能な時間帯（平日）,22,13049,13049,11242,11242,86.15,86.15,
生活介護,22,利用可能な時間帯（土曜）,23,13049,13049,6332,6332,48.52,48.52,欠損多い
生活介護,22,利用可能な時間帯（日曜）,24,13049,13049,1999,1999,15.32,15.32,欠損多い
生活介護,22,利用可能な時間帯（祝日）,25,13049,13049,5205,5205,39.89,39.89,欠損多い
生活介護,22,定休日,26,13049,13049,10788,10407,82.67,79.75,
生活介護,22,利用可能曜日特記事項（留意事項）,27,13049,13049,3013,2677,23.09,20.51,欠損多い
生活介護,22,定員,28,13049,13049,11642,11642,89.22,89.22,
施設入所支援,32,都道府県コード又は市区町村コード,0,2554,2554,2554,2554,100.0,100.0,
施設入所支援,32,NO（※システム内の固有の番号、連番）,1,2554,2554,2554,2554,100.0,100.0,
施設入所支援,32,指定機関名,2,2554,2554,2554,2554,100.0,100.0,
施設入所支援,32,法人の名称,3,2554,2554,2554,2554,100.0,100.0,
施設入所支援,32,法人の名称_かな,4,2554,2554,2554,2554,100.0,100.0,
施設入所支援,32,法人番号,5,2554,2554,2513,2513,98.39,98.39,
施設入所支援,32,法人住所（市区町村）,6,2554,2554,2554,2554,100.0,100.0,
施設入所支援,32,法人住所（番地以降）,7,2554,2554,2554,2554,100.0,100.0,
施設入所支援,32,法人電話番号,8,2554,2554,2554,2554,100.0,100.0,
施設入所支援,32,法人FAX番号,9,2554,2554,2528,2528,98.98,98.98,
施設入所支援,32,法人URL,10,2554,2554,2460,2460,96.32,96.32,
施設入所支援,32,サービス種別,11,2554,2554,2554,2554,100.0,100.0,
施設入所支援,32,事業所の名称,12,2554,2554,2554,2554,100.0,100.0,
施設入所支援,32,事業所の名称_かな,13,2554,2554,2554,2554,100.0,100.0,
施設入所支援,32,事業所番号,14,2554,2554,2554,2554,100.0,100.0,
施設入所支援,32,事業所住所（市区町村）,15,2554,2554,2554,2554,100.0,100.0,
施設入所支援,32,事業所住所（番地以降）,16,2554,2554,2554,2554,100.0,100.0,
施設入所支援,32,事業所電話番号,17,2554,2554,2554,2554,100.0,100.0,
施設入所支援,32,事業所FAX番号,18,2554,2554,2538,2538,99.37,99.37,
施設入所支援,32,事業所URL,19,2554,2554,2183,2183,85.47,85.47,
施設入所支援,32,事業所緯度,20,2554,2554,2554,2554,100.0,100.0,
施設入所支援,32,事業所経度,21,2554,2554,2554,2554,100.0,100.0,
施設入所支援,32,利用可能な時間帯（平日）,22,2554,2554,0,0,0.0,0.0,ほぼ空
施設入所支援,32,利用可能な時間帯（土曜）,23,2554,2554,0,0,0.0,0.0,ほぼ空
施設入所支援,32,利用可能な時間帯（日曜）,24,2554,2554,0,0,0.0,0.0,ほぼ空
施設入所支援,32,利用可能な時間帯（祝日）,25,2554,2554,0,0,0.0,0.0,ほぼ空
施設入所支援,32,定休日,26,2554,2554,0,0,0.0,0.0,ほぼ空
施設入所支援,32,利用可能曜日特記事項（留意事項）,27,2554,2554,0,0,0.0,0.0,ほぼ空
施設入所支援,32,定員,28,2554,2554,2419,2419,94.71,94.71,
共同生活援助,33,都道府県コード又は市区町村コード,0,15537,15537,15537,15537,100.0,100.0,
共同生活援助,33,NO（※システム内の固有の番号、連番）,1,15537,15537,15537,15537,100.0,100.0,
共同生活援助,33,指定機関名,2,15537,15537,15537,15537,100.0,100.0,
共同生活援助,33,法人の名称,3,15537,15537,15537,15537,100.0,100.0,
共同生活援助,33,法人の名称_かな,4,15537,15537,15537,15537,100.0,100.0,
共同生活援助,33,法人番号,5,15537,15537,14515,14515,93.42,93.42,
共同生活援助,33,法人住所（市区町村）,6,15537,15537,15537,15537,100.0,100.0,
共同生活援助,33,法人住所（番地以降）,7,15537,15537,15537,15537,100.0,100.0,
共同生活援助,33,法人電話番号,8,15537,15537,15537,15537,100.0,100.0,
共同生活援助,33,法人FAX番号,9,15537,15537,14160,14152,91.14,91.09,
共同生活援助,33,法人URL,10,15537,15537,10468,10468,67.37,67.37,
共同生活援助,33,サービス種別,11,15537,15537,15537,15537,100.0,100.0,
共同生活援助,33,事業所の名称,12,15537,15537,15537,15537,100.0,100.0,
共同生活援助,33,事業所の名称_かな,13,15537,15537,15537,15537,100.0,100.0,
共同生活援助,33,事業所番号,14,15537,15537,15537,15537,100.0,100.0,
共同生活援助,33,事業所住所（市区町村）,15,15537,15537,15537,15537,100.0,100.0,
共同生活援助,33,事業所住所（番地以降）,16,15537,15537,15537,15473,100.0,99.59,
共同生活援助,33,事業所電話番号,17,15537,15537,15537,15537,100.0,100.0,
共同生活援助,33,事業所FAX番号,18,15537,15537,12943,12940,83.3,83.29,
共同生活援助,33,事業所URL,19,15537,15537,7434,7434,47.85,47.85,欠損多い
共同生活援助,33,事業所緯度,20,15537,15537,15537,15537,100.0,100.0,
共同生活援助,33,事業所経度,21,15537,15537,15537,15537,100.0,100.0,
共同生活援助,33,利用可能な時間帯（平日）,22,15537,15537,0,0,0.0,0.0,ほぼ空
共同生活援助,33,利用可能な時間帯（土曜）,23,15537,15537,0,0,0.0,0.0,ほぼ空
共同生活援助,33,利用可能な時間帯（日曜）,24,15537,15537,0,0,0.0,0.0,ほぼ空
共同生活援助,33,利用可能な時間帯（祝日）,25,15537,15537,0,0,0.0,0.0,ほぼ空
共同生活援助,33,定休日,26,15537,15537,2346,740,15.1,4.76,ほぼ空
共同生活援助,33,利用可能曜日特記事項（留意事項）,27,15537,15537,0,0,0.0,0.0,ほぼ空
共同生活援助,33,定員,28,15537,15537,0,0,0.0,0.0,ほぼ空
自立訓練（機能訓練）,41,都道府県コード又は市区町村コード,0,285,285,285,285,100.0,100.0,
自立訓練（機能訓練）,41,NO（※システム内の固有の番号、連番）,1,285,285,285,285,100.0,100.0,
自立訓練（機能訓練）,41,指定機関名,2,285,285,285,285,100.0,100.0,
自立訓練（機能訓練）,41,法人の名称,3,285,285,285,285,100.0,100.0,
自立訓練（機能訓練）,41,法人の名称_かな,4,285,285,285,285,100.0,100.0,
自立訓練（機能訓練）,41,法人番号,5,285,285,261,261,91.58,91.58,
自立訓練（機能訓練）,41,法人住所（市区町村）,6,285,285,285,285,100.0,100.0,
自立訓練（機能訓練）,41,法人住所（番地以降）,7,285,285,285,285,100.0,100.0,
自立訓練（機能訓練）,41,法人電話番号,8,285,285,285,285,100.0,100.0,
自立訓練（機能訓練）,41,法人FAX番号,9,285,285,265,265,92.98,92.98,
自立訓練（機能訓練）,41,法人URL,10,285,285,221,221,77.54,77.54,
自立訓練（機能訓練）,41,サービス種別,11,285,285,285,285,100.0,100.0,
自立訓練（機能訓練）,41,事業所の名称,12,285,285,285,285,100.0,100.0,
自立訓練（機能訓練）,41,事業所の名称_かな,13,285,285,285,285,100.0,100.0,
自立訓練（機能訓練）,41,事業所番号,14,285,285,285,285,100.0,100.0,
自立訓練（機能訓練）,41,事業所住所（市区町村）,15,285,285,285,285,100.0,100.0,
自立訓練（機能訓練）,41,事業所住所（番地以降）,16,285,285,285,285,100.0,100.0,
自立訓練（機能訓練）,41,事業所電話番号,17,285,285,285,285,100.0,100.0,
自立訓練（機能訓練）,41,事業所FAX番号,18,285,285,266,266,93.33,93.33,
自立訓練（機能訓練）,41,事業所URL,19,285,285,172,172,60.35,60.35,
自立訓練（機能訓練）,41,事業所緯度,20,285,285,285,285,100.0,100.0,
自立訓練（機能訓練）,41,事業所経度,21,285,285,285,285,100.0,100.0,
自立訓練（機能訓練）,41,利用可能な時間帯（平日）,22,285,285,212,212,74.39,74.39,
自立訓練（機能訓練）,41,利用可能な時間帯（土曜）,23,285,285,99,99,34.74,34.74,欠損多い
自立訓練（機能訓練）,41,利用可能な時間帯（日曜）,24,285,285,23,23,8.07,8.07,ほぼ空
自立訓練（機能訓練）,41,利用可能な時間帯（祝日）,25,285,285,121,121,42.46,42.46,欠損多い
自立訓練（機能訓練）,41,定休日,26,285,285,214,209,75.09,73.33,
自立訓練（機能訓練）,41,利用可能曜日特記事項（留意事項）,27,285,285,65,58,22.81,20.35,欠損多い
自立訓練（機能訓練）,41,定員,28,285,285,222,222,77.89,77.89,
自立訓練（生活訓練）,42,都道府県コード又は市区町村コード,0,1626,1626,1626,1626,100.0,100.0,
自立訓練（生活訓練）,42,NO（※システム内の固有の番号、連番）,1,1626,1626,1626,1626,100.0,100.0,
自立訓練（生活訓練）,42,指定機関名,2,1626,1626,1626,1626,100.0,100.0,
自立訓練（生活訓練）,42,法人の名称,3,1626,1626,1626,1626,100.0,100.0,
自立訓練（生活訓練）,42,法人の名称_かな,4,1626,1626,1626,1626,100.0,100.0,
自立訓練（生活訓練）,42,法人番号,5,1626,1626,1513,1513,93.05,93.05,
自立訓練（生活訓練）,42,法人住所（市区町村）,6,1626,1626,1626,1626,100.0,100.0,
自立訓練（生活訓練）,42,法人住所（番地以降）,7,1626,1626,1626,1626,100.0,100.0,
自立訓練（生活訓練）,42,法人電話番号,8,1626,1626,1626,1626,100.0,100.0,
自立訓練（生活訓練）,42,法人FAX番号,9,1626,1626,1527,1525,93.91,93.79,
自立訓練（生活訓練）,42,法人URL,10,1626,1626,1327,1327,81.61,81.61,
自立訓練（生活訓練）,42,サービス種別,11,1626,1626,1626,1626,100.0,100.0,
自立訓練（生活訓練）,42,事業所の名称,12,1626,1626,1626,1626,100.0,100.0,
自立訓練（生活訓練）,42,事業所の名称_かな,13,1626,1626,1626,1626,100.0,100.0,
自立訓練（生活訓練）,42,事業所番号,14,1626,1626,1626,1626,100.0,100.0,
自立訓練（生活訓練）,42,事業所住所（市区町村）,15,1626,1626,1626,1626,100.0,100.0,
自立訓練（生活訓練）,42,事業所住所（番地以降）,16,1626,1626,1626,1626,100.0,100.0,
自立訓練（生活訓練）,42,事業所電話番号,17,1626,1626,1626,1626,100.0,100.0,
自立訓練（生活訓練）,42,事業所FAX番号,18,1626,1626,1496,1494,92.0,91.88,
自立訓練（生活訓練）,42,事業所URL,19,1626,1626,1063,1063,65.38,65.38,
自立訓練（生活訓練）,42,事業所緯度,20,1626,1626,1626,1626,100.0,100.0,
自立訓練（生活訓練）,42,事業所経度,21,1626,1626,1626,1626,100.0,100.0,
自立訓練（生活訓練）,42,利用可能な時間帯（平日）,22,1626,1626,1347,1347,82.84,82.84,
自立訓練（生活訓練）,42,利用可能な時間帯（土曜）,23,1626,1626,686,686,42.19,42.19,欠損多い
自立訓練（生活訓練）,42,利用可能な時間帯（日曜）,24,1626,1626,184,184,11.32,11.32,欠損多い
自立訓練（生活訓練）,42,利用可能な時間帯（祝日）,25,1626,1626,522,522,32.1,32.1,欠損多い
自立訓練（生活訓練）,42,定休日,26,1626,1626,1301,1268,80.01,77.98,
自立訓練（生活訓練）,42,利用可能曜日特記事項（留意事項）,27,1626,1626,426,401,26.2,24.66,欠損多い
自立訓練（生活訓練）,42,定員,28,1626,1626,1382,1382,84.99,84.99,
就労継続支援A型,45,都道府県コード又は市区町村コード,0,4633,4633,4633,4633,100.0,100.0,
就労継続支援A型,45,NO（※システム内の固有の番号、連番）,1,4633,4633,4633,4633,100.0,100.0,
就労継続支援A型,45,指定機関名,2,4633,4633,4633,4633,100.0,100.0,
就労継続支援A型,45,法人の名称,3,4633,4633,4633,4633,100.0,100.0,
就労継続支援A型,45,法人の名称_かな,4,4633,4633,4633,4633,100.0,100.0,
就労継続支援A型,45,法人番号,5,4633,4633,4360,4360,94.11,94.11,
就労継続支援A型,45,法人住所（市区町村）,6,4633,4633,4632,4632,99.98,99.98,
就労継続支援A型,45,法人住所（番地以降）,7,4633,4633,4633,4633,100.0,100.0,
就労継続支援A型,45,法人電話番号,8,4633,4633,4633,4633,100.0,100.0,
就労継続支援A型,45,法人FAX番号,9,4633,4633,4291,4289,92.62,92.58,
就労継続支援A型,45,法人URL,10,4633,4633,3309,3309,71.42,71.42,
就労継続支援A型,45,サービス種別,11,4633,4633,4633,4633,100.0,100.0,
就労継続支援A型,45,事業所の名称,12,4633,4633,4633,4633,100.0,100.0,
就労継続支援A型,45,事業所の名称_かな,13,4633,4633,4633,4633,100.0,100.0,
就労継続支援A型,45,事業所番号,14,4633,4633,4633,4633,100.0,100.0,
就労継続支援A型,45,事業所住所（市区町村）,15,4633,4633,4633,4633,100.0,100.0,
就労継続支援A型,45,事業所住所（番地以降）,16,4633,4633,4633,4633,100.0,100.0,
就労継続支援A型,45,事業所電話番号,17,4633,4633,4633,4633,100.0,100.0,
就労継続支援A型,45,事業所FAX番号,18,4633,4633,4276,4275,92.29,92.27,
就労継続支援A型,45,事業所URL,19,4633,4633,3012,3012,65.01,65.01,
就労継続支援A型,45,事業所緯度,20,4633,4633,4633,4633,100.0,100.0,
就労継続支援A型,45,事業所経度,21,4633,4633,4633,4633,100.0,100.0,
就労継続支援A型,45,利用可能な時間帯（平日）,22,4633,4633,4013,4013,86.62,86.62,
就労継続支援A型,45,利用可能な時間帯（土曜）,23,4633,4633,2751,2751,59.38,59.38,
就労継続支援A型,45,利用可能な時間帯（日曜）,24,4633,4633,867,867,18.71,18.71,欠損多い
就労継続支援A型,45,利用可能な時間帯（祝日）,25,4633,4633,1870,1870,40.36,40.36,欠損多い
就労継続支援A型,45,定休日,26,4633,4633,3849,3712,83.08,80.12,
就労継続支援A型,45,利用可能曜日特記事項（留意事項）,27,4633,4633,1309,1240,28.25,26.76,欠損多い
就労継続支援A型,45,定員,28,4633,4633,4070,4070,87.85,87.85,
就労継続支援B型,46,都道府県コード又は市区町村コード,0,19909,19909,19909,19909,100.0,100.0,
就労継続支援B型,46,NO（※システム内の固有の番号、連番）,1,19909,19909,19909,19909,100.0,100.0,
就労継続支援B型,46,指定機関名,2,19909,19909,19909,19909,100.0,100.0,
就労継続支援B型,46,法人の名称,3,19909,19909,19906,19906,99.98,99.98,
就労継続支援B型,46,法人の名称_かな,4,19909,19909,19906,19906,99.98,99.98,
就労継続支援B型,46,法人番号,5,19909,19909,18820,18820,94.53,94.53,
就労継続支援B型,46,法人住所（市区町村）,6,19909,19909,19906,19906,99.98,99.98,
就労継続支援B型,46,法人住所（番地以降）,7,19909,19909,19906,19906,99.98,99.98,
就労継続支援B型,46,法人電話番号,8,19909,19909,19906,19906,99.98,99.98,
就労継続支援B型,46,法人FAX番号,9,19909,19909,18487,18480,92.86,92.82,
就労継続支援B型,46,法人URL,10,19909,19909,13956,13956,70.1,70.1,
就労継続支援B型,46,サービス種別,11,19909,19909,19909,19909,100.0,100.0,
就労継続支援B型,46,事業所の名称,12,19909,19909,19909,19909,100.0,100.0,
就労継続支援B型,46,事業所の名称_かな,13,19909,19909,19909,19909,100.0,100.0,
就労継続支援B型,46,事業所番号,14,19909,19909,19909,19909,100.0,100.0,
就労継続支援B型,46,事業所住所（市区町村）,15,19909,19909,19909,19909,100.0,100.0,
就労継続支援B型,46,事業所住所（番地以降）,16,19909,19909,19909,19909,100.0,100.0,
就労継続支援B型,46,事業所電話番号,17,19909,19909,19909,19909,100.0,100.0,
就労継続支援B型,46,事業所FAX番号,18,19909,19909,18327,18320,92.05,92.02,
就労継続支援B型,46,事業所URL,19,19909,19909,11784,11784,59.19,59.19,
就労継続支援B型,46,事業所緯度,20,19909,19909,19909,19909,100.0,100.0,
就労継続支援B型,46,事業所経度,21,19909,19909,19909,19909,100.0,100.0,
就労継続支援B型,46,利用可能な時間帯（平日）,22,19909,19909,16954,16954,85.16,85.16,
就労継続支援B型,46,利用可能な時間帯（土曜）,23,19909,19909,8621,8621,43.3,43.3,欠損多い
就労継続支援B型,46,利用可能な時間帯（日曜）,24,19909,19909,1761,1761,8.85,8.85,ほぼ空
就労継続支援B型,46,利用可能な時間帯（祝日）,25,19909,19909,5917,5917,29.72,29.72,欠損多い
就労継続支援B型,46,定休日,26,19909,19909,16250,16121,81.62,80.97,
就労継続支援B型,46,利用可能曜日特記事項（留意事項）,27,19909,19909,4640,4347,23.31,21.83,欠損多い
就労継続支援B型,46,定員,28,19909,19909,17179,17179,86.29,86.29,
計画相談支援,52,都道府県コード又は市区町村コード,0,12796,12796,12796,12796,100.0,100.0,
計画相談支援,52,NO（※システム内の固有の番号、連番）,1,12796,12796,12796,12796,100.0,100.0,
計画相談支援,52,指定機関名,2,12796,12796,12796,12796,100.0,100.0,
計画相談支援,52,法人の名称,3,12796,12796,12796,12796,100.0,100.0,
計画相談支援,52,法人の名称_かな,4,12796,12796,12796,12796,100.0,100.0,
計画相談支援,52,法人番号,5,12796,12796,11926,11926,93.2,93.2,
計画相談支援,52,法人住所（市区町村）,6,12796,12796,12796,12796,100.0,100.0,
計画相談支援,52,法人住所（番地以降）,7,12796,12796,12795,12795,99.99,99.99,
計画相談支援,52,法人電話番号,8,12796,12796,12795,12795,99.99,99.99,
計画相談支援,52,法人FAX番号,9,12796,12796,11988,11985,93.69,93.66,
計画相談支援,52,法人URL,10,12796,12796,9280,9280,72.52,72.52,
計画相談支援,52,サービス種別,11,12796,12796,12796,12796,100.0,100.0,
計画相談支援,52,事業所の名称,12,12796,12796,12796,12796,100.0,100.0,
計画相談支援,52,事業所の名称_かな,13,12796,12796,12796,12796,100.0,100.0,
計画相談支援,52,事業所番号,14,12796,12796,12796,12796,100.0,100.0,
計画相談支援,52,事業所住所（市区町村）,15,12796,12796,12796,12796,100.0,100.0,
計画相談支援,52,事業所住所（番地以降）,16,12796,12796,12795,12795,99.99,99.99,
計画相談支援,52,事業所電話番号,17,12796,12796,12795,12795,99.99,99.99,
計画相談支援,52,事業所FAX番号,18,12796,12796,11689,11688,91.35,91.34,
計画相談支援,52,事業所URL,19,12796,12796,6578,6578,51.41,51.41,
計画相談支援,52,事業所緯度,20,12796,12796,12796,12796,100.0,100.0,
計画相談支援,52,事業所経度,21,12796,12796,12796,12796,100.0,100.0,
計画相談支援,52,利用可能な時間帯（平日）,22,12796,12796,9211,9211,71.98,71.98,
計画相談支援,52,利用可能な時間帯（土曜）,23,12796,12796,2102,2102,16.43,16.43,欠損多い
計画相談支援,52,利用可能な時間帯（日曜）,24,12796,12796,818,818,6.39,6.39,ほぼ空
計画相談支援,52,利用可能な時間帯（祝日）,25,12796,12796,1601,1601,12.51,12.51,欠損多い
計画相談支援,52,定休日,26,12796,12796,9909,9853,77.44,77.0,
計画相談支援,52,利用可能曜日特記事項（留意事項）,27,12796,12796,2250,2056,17.58,16.07,欠損多い
計画相談支援,52,定員,28,12796,12796,0,0,0.0,0.0,ほぼ空
地域相談支援（地域移行支援）,53,都道府県コード又は市区町村コード,0,3707,3707,3707,3707,100.0,100.0,
地域相談支援（地域移行支援）,53,NO（※システム内の固有の番号、連番）,1,3707,3707,3707,3707,100.0,100.0,
地域相談支援（地域移行支援）,53,指定機関名,2,3707,3707,3707,3707,100.0,100.0,
地域相談支援（地域移行支援）,53,法人の名称,3,3707,3707,3707,3707,100.0,100.0,
地域相談支援（地域移行支援）,53,法人の名称_かな,4,3707,3707,3707,3707,100.0,100.0,
地域相談支援（地域移行支援）,53,法人番号,5,3707,3707,3523,3523,95.04,95.04,
地域相談支援（地域移行支援）,53,法人住所（市区町村）,6,3707,3707,3707,3707,100.0,100.0,
地域相談支援（地域移行支援）,53,法人住所（番地以降）,7,3707,3707,3707,3707,100.0,100.0,
地域相談支援（地域移行支援）,53,法人電話番号,8,3707,3707,3707,3707,100.0,100.0,
地域相談支援（地域移行支援）,53,法人FAX番号,9,3707,3707,3589,3589,96.82,96.82,
地域相談支援（地域移行支援）,53,法人URL,10,3707,3707,2946,2946,79.47,79.47,
地域相談支援（地域移行支援）,53,サービス種別,11,3707,3707,3707,3707,100.0,100.0,
地域相談支援（地域移行支援）,53,事業所の名称,12,3707,3707,3707,3707,100.0,100.0,
地域相談支援（地域移行支援）,53,事業所の名称_かな,13,3707,3707,3707,3707,100.0,100.0,
地域相談支援（地域移行支援）,53,事業所番号,14,3707,3707,3707,3707,100.0,100.0,
地域相談支援（地域移行支援）,53,事業所住所（市区町村）,15,3707,3707,3707,3707,100.0,100.0,
地域相談支援（地域移行支援）,53,事業所住所（番地以降）,16,3707,3707,3707,3707,100.0,100.0,
地域相談支援（地域移行支援）,53,事業所電話番号,17,3707,3707,3707,3707,100.0,100.0,
地域相談支援（地域移行支援）,53,事業所FAX番号,18,3707,3707,3505,3505,94.55,94.55,
地域相談支援（地域移行支援）,53,事業所URL,19,3707,3707,2071,2071,55.87,55.87,
地域相談支援（地域移行支援）,53,事業所緯度,20,3707,3707,3707,3707,100.0,100.0,
地域相談支援（地域移行支援）,53,事業所経度,21,3707,3707,3707,3707,100.0,100.0,
地域相談支援（地域移行支援）,53,利用可能な時間帯（平日）,22,3707,3707,2628,2628,70.89,70.89,
地域相談支援（地域移行支援）,53,利用可能な時間帯（土曜）,23,3707,3707,697,697,18.8,18.8,欠損多い
地域相談支援（地域移行支援）,53,利用可能な時間帯（日曜）,24,3707,3707,291,291,7.85,7.85,ほぼ空
地域相談支援（地域移行支援）,53,利用可能な時間帯（祝日）,25,3707,3707,477,477,12.87,12.87,欠損多い
地域相談支援（地域移行支援）,53,定休日,26,3707,3707,2788,2761,75.21,74.48,
地域相談支援（地域移行支援）,53,利用可能曜日特記事項（留意事項）,27,3707,3707,856,802,23.09,21.63,欠損多い
地域相談支援（地域移行支援）,53,定員,28,3707,3707,0,0,0.0,0.0,ほぼ空
地域相談支援（地域定着支援）,54,都道府県コード又は市区町村コード,0,3569,3569,3569,3569,100.0,100.0,
地域相談支援（地域定着支援）,54,NO（※システム内の固有の番号、連番）,1,3569,3569,3569,3569,100.0,100.0,
地域相談支援（地域定着支援）,54,指定機関名,2,3569,3569,3569,3569,100.0,100.0,
地域相談支援（地域定着支援）,54,法人の名称,3,3569,3569,3569,3569,100.0,100.0,
地域相談支援（地域定着支援）,54,法人の名称_かな,4,3569,3569,3569,3569,100.0,100.0,
地域相談支援（地域定着支援）,54,法人番号,5,3569,3569,3389,3389,94.96,94.96,
地域相談支援（地域定着支援）,54,法人住所（市区町村）,6,3569,3569,3569,3569,100.0,100.0,
地域相談支援（地域定着支援）,54,法人住所（番地以降）,7,3569,3569,3569,3569,100.0,100.0,
地域相談支援（地域定着支援）,54,法人電話番号,8,3569,3569,3569,3569,100.0,100.0,
地域相談支援（地域定着支援）,54,法人FAX番号,9,3569,3569,3454,3454,96.78,96.78,
地域相談支援（地域定着支援）,54,法人URL,10,3569,3569,2831,2831,79.32,79.32,
地域相談支援（地域定着支援）,54,サービス種別,11,3569,3569,3569,3569,100.0,100.0,
地域相談支援（地域定着支援）,54,事業所の名称,12,3569,3569,3569,3569,100.0,100.0,
地域相談支援（地域定着支援）,54,事業所の名称_かな,13,3569,3569,3569,3569,100.0,100.0,
地域相談支援（地域定着支援）,54,事業所番号,14,3569,3569,3569,3569,100.0,100.0,
地域相談支援（地域定着支援）,54,事業所住所（市区町村）,15,3569,3569,3569,3569,100.0,100.0,
地域相談支援（地域定着支援）,54,事業所住所（番地以降）,16,3569,3569,3569,3569,100.0,100.0,
地域相談支援（地域定着支援）,54,事業所電話番号,17,3569,3569,3569,3569,100.0,100.0,
地域相談支援（地域定着支援）,54,事業所FAX番号,18,3569,3569,3380,3380,94.7,94.7,
地域相談支援（地域定着支援）,54,事業所URL,19,3569,3569,1969,1969,55.17,55.17,
地域相談支援（地域定着支援）,54,事業所緯度,20,3569,3569,3569,3569,100.0,100.0,
地域相談支援（地域定着支援）,54,事業所経度,21,3569,3569,3569,3569,100.0,100.0,
地域相談支援（地域定着支援）,54,利用可能な時間帯（平日）,22,3569,3569,2444,2444,68.48,68.48,
地域相談支援（地域定着支援）,54,利用可能な時間帯（土曜）,23,3569,3569,662,662,18.55,18.55,欠損多い
地域相談支援（地域定着支援）,54,利用可能な時間帯（日曜）,24,3569,3569,287,287,8.04,8.04,ほぼ空
地域相談支援（地域定着支援）,54,利用可能な時間帯（祝日）,25,3569,3569,472,472,13.22,13.22,欠損多い
地域相談支援（地域定着支援）,54,定休日,26,3569,3569,2625,2597,73.55,72.77,
地域相談支援（地域定着支援）,54,利用可能曜日特記事項（留意事項）,27,3569,3569,851,796,23.84,22.3,欠損多い
地域相談支援（地域定着支援）,54,定員,28,3569,3569,0,0,0.0,0.0,ほぼ空
就労移行支援,60,都道府県コード又は市区町村コード,0,3389,3389,3389,3389,100.0,100.0,
就労移行支援,60,NO（※システム内の固有の番号、連番）,1,3389,3389,3389,3389,100.0,100.0,
就労移行支援,60,指定機関名,2,3389,3389,3389,3389,100.0,100.0,
就労移行支援,60,法人の名称,3,3389,3389,3389,3389,100.0,100.0,
就労移行支援,60,法人の名称_かな,4,3389,3389,3389,3389,100.0,100.0,
就労移行支援,60,法人番号,5,3389,3389,3159,3159,93.21,93.21,
就労移行支援,60,法人住所（市区町村）,6,3389,3389,3389,3389,100.0,100.0,
就労移行支援,60,法人住所（番地以降）,7,3389,3389,3389,3389,100.0,100.0,
就労移行支援,60,法人電話番号,8,3389,3389,3389,3389,100.0,100.0,
就労移行支援,60,法人FAX番号,9,3389,3389,3021,3021,89.14,89.14,
就労移行支援,60,法人URL,10,3389,3389,2881,2881,85.01,85.01,
就労移行支援,60,サービス種別,11,3389,3389,3389,3389,100.0,100.0,
就労移行支援,60,事業所の名称,12,3389,3389,3389,3389,100.0,100.0,
就労移行支援,60,事業所の名称_かな,13,3389,3389,3389,3389,100.0,100.0,
就労移行支援,60,事業所番号,14,3389,3389,3389,3389,100.0,100.0,
就労移行支援,60,事業所住所（市区町村）,15,3389,3389,3389,3389,100.0,100.0,
就労移行支援,60,事業所住所（番地以降）,16,3389,3389,3389,3389,100.0,100.0,
就労移行支援,60,事業所電話番号,17,3389,3389,3389,3389,100.0,100.0,
就労移行支援,60,事業所FAX番号,18,3389,3389,3138,3138,92.59,92.59,
就労移行支援,60,事業所URL,19,3389,3389,2616,2616,77.19,77.19,
就労移行支援,60,事業所緯度,20,3389,3389,3389,3389,100.0,100.0,
就労移行支援,60,事業所経度,21,3389,3389,3389,3389,100.0,100.0,
就労移行支援,60,利用可能な時間帯（平日）,22,3389,3389,2887,2887,85.19,85.19,
就労移行支援,60,利用可能な時間帯（土曜）,23,3389,3389,1717,1717,50.66,50.66,
就労移行支援,60,利用可能な時間帯（日曜）,24,3389,3389,372,372,10.98,10.98,欠損多い
就労移行支援,60,利用可能な時間帯（祝日）,25,3389,3389,1103,1103,32.55,32.55,欠損多い
就労移行支援,60,定休日,26,3389,3389,2771,2763,81.76,81.53,
就労移行支援,60,利用可能曜日特記事項（留意事項）,27,3389,3389,1099,1056,32.43,31.16,欠損多い
就労移行支援,60,定員,28,3389,3389,2910,2910,85.87,85.87,
自立生活援助,61,都道府県コード又は市区町村コード,0,502,502,502,502,100.0,100.0,
自立生活援助,61,NO（※システム内の固有の番号、連番）,1,502,502,502,502,100.0,100.0,
自立生活援助,61,指定機関名,2,502,502,502,502,100.0,100.0,
自立生活援助,61,法人の名称,3,502,502,502,502,100.0,100.0,
自立生活援助,61,法人の名称_かな,4,502,502,502,502,100.0,100.0,
自立生活援助,61,法人番号,5,502,502,476,476,94.82,94.82,
自立生活援助,61,法人住所（市区町村）,6,502,502,502,502,100.0,100.0,
自立生活援助,61,法人住所（番地以降）,7,502,502,502,502,100.0,100.0,
自立生活援助,61,法人電話番号,8,502,502,502,502,100.0,100.0,
自立生活援助,61,法人FAX番号,9,502,502,478,478,95.22,95.22,
自立生活援助,61,法人URL,10,502,502,421,421,83.86,83.86,
自立生活援助,61,サービス種別,11,502,502,502,502,100.0,100.0,
自立生活援助,61,事業所の名称,12,502,502,502,502,100.0,100.0,
自立生活援助,61,事業所の名称_かな,13,502,502,502,502,100.0,100.0,
自立生活援助,61,事業所番号,14,502,502,502,502,100.0,100.0,
自立生活援助,61,事業所住所（市区町村）,15,502,502,502,502,100.0,100.0,
自立生活援助,61,事業所住所（番地以降）,16,502,502,502,502,100.0,100.0,
自立生活援助,61,事業所電話番号,17,502,502,502,502,100.0,100.0,
自立生活援助,61,事業所FAX番号,18,502,502,434,434,86.45,86.45,
自立生活援助,61,事業所URL,19,502,502,251,251,50.0,50.0,
自立生活援助,61,事業所緯度,20,502,502,502,502,100.0,100.0,
自立生活援助,61,事業所経度,21,502,502,502,502,100.0,100.0,
自立生活援助,61,利用可能な時間帯（平日）,22,502,502,332,332,66.14,66.14,
自立生活援助,61,利用可能な時間帯（土曜）,23,502,502,92,92,18.33,18.33,欠損多い
自立生活援助,61,利用可能な時間帯（日曜）,24,502,502,42,42,8.37,8.37,ほぼ空
自立生活援助,61,利用可能な時間帯（祝日）,25,502,502,65,65,12.95,12.95,欠損多い
自立生活援助,61,定休日,26,502,502,361,351,71.91,69.92,
自立生活援助,61,利用可能曜日特記事項（留意事項）,27,502,502,110,105,21.91,20.92,欠損多い
自立生活援助,61,定員,28,502,502,0,0,0.0,0.0,ほぼ空
就労定着支援,62,都道府県コード又は市区町村コード,0,1935,1935,1935,1935,100.0,100.0,
就労定着支援,62,NO（※システム内の固有の番号、連番）,1,1935,1935,1935,1935,100.0,100.0,
就労定着支援,62,指定機関名,2,1935,1935,1935,1935,100.0,100.0,
就労定着支援,62,法人の名称,3,1935,1935,1935,1935,100.0,100.0,
就労定着支援,62,法人の名称_かな,4,1935,1935,1935,1935,100.0,100.0,
就労定着支援,62,法人番号,5,1935,1935,1822,1822,94.16,94.16,
就労定着支援,62,法人住所（市区町村）,6,1935,1935,1935,1935,100.0,100.0,
就労定着支援,62,法人住所（番地以降）,7,1935,1935,1935,1935,100.0,100.0,
就労定着支援,62,法人電話番号,8,1935,1935,1935,1935,100.0,100.0,
就労定着支援,62,法人FAX番号,9,1935,1935,1708,1708,88.27,88.27,
就労定着支援,62,法人URL,10,1935,1935,1759,1759,90.9,90.9,
就労定着支援,62,サービス種別,11,1935,1935,1935,1935,100.0,100.0,
就労定着支援,62,事業所の名称,12,1935,1935,1935,1935,100.0,100.0,
就労定着支援,62,事業所の名称_かな,13,1935,1935,1935,1935,100.0,100.0,
就労定着支援,62,事業所番号,14,1935,1935,1935,1935,100.0,100.0,
就労定着支援,62,事業所住所（市区町村）,15,1935,1935,1935,1935,100.0,100.0,
就労定着支援,62,事業所住所（番地以降）,16,1935,1935,1935,1935,100.0,100.0,
就労定着支援,62,事業所電話番号,17,1935,1935,1935,1935,100.0,100.0,
就労定着支援,62,事業所FAX番号,18,1935,1935,1768,1768,91.37,91.37,
就労定着支援,62,事業所URL,19,1935,1935,1313,1313,67.86,67.86,
就労定着支援,62,事業所緯度,20,1935,1935,1935,1935,100.0,100.0,
就労定着支援,62,事業所経度,21,1935,1935,1935,1935,100.0,100.0,
就労定着支援,62,利用可能な時間帯（平日）,22,1935,1935,1544,1544,79.79,79.79,
就労定着支援,62,利用可能な時間帯（土曜）,23,1935,1935,894,894,46.2,46.2,欠損多い
就労定着支援,62,利用可能な時間帯（日曜）,24,1935,1935,219,219,11.32,11.32,欠損多い
就労定着支援,62,利用可能な時間帯（祝日）,25,1935,1935,550,550,28.42,28.42,欠損多い
就労定着支援,62,定休日,26,1935,1935,1536,1534,79.38,79.28,
就労定着支援,62,利用可能曜日特記事項（留意事項）,27,1935,1935,458,434,23.67,22.43,欠損多い
就労定着支援,62,定員,28,1935,1935,0,0,0.0,0.0,ほぼ空
児童発達支援,63,都道府県コード又は市区町村コード,0,16247,16247,16247,16247,100.0,100.0,
児童発達支援,63,NO（※システム内の固有の番号、連番）,1,16247,16247,16247,16247,100.0,100.0,
児童発達支援,63,指定機関名,2,16247,16247,16247,16247,100.0,100.0,
児童発達支援,63,法人の名称,3,16247,16247,16247,16247,100.0,100.0,
児童発達支援,63,法人の名称_かな,4,16247,16247,16247,16247,100.0,100.0,
児童発達支援,63,法人番号,5,16247,16247,14654,14654,90.2,90.2,
児童発達支援,63,法人住所（市区町村）,6,16247,16247,16247,16247,100.0,100.0,
児童発達支援,63,法人住所（番地以降）,7,16247,16247,16247,16247,100.0,100.0,
児童発達支援,63,法人電話番号,8,16247,16247,16247,16247,100.0,100.0,
児童発達支援,63,法人FAX番号,9,16247,16247,14346,14335,88.3,88.23,
児童発達支援,63,法人URL,10,16247,16247,12180,12180,74.97,74.97,
児童発達支援,63,サービス種別,11,16247,16247,16247,16247,100.0,100.0,
児童発達支援,63,事業所の名称,12,16247,16247,16247,16247,100.0,100.0,
児童発達支援,63,事業所の名称_かな,13,16247,16247,16247,16247,100.0,100.0,
児童発達支援,63,事業所番号,14,16247,16247,16247,16247,100.0,100.0,
児童発達支援,63,事業所住所（市区町村）,15,16247,16247,16247,16247,100.0,100.0,
児童発達支援,63,事業所住所（番地以降）,16,16247,16247,16247,16247,100.0,100.0,
児童発達支援,63,事業所電話番号,17,16247,16247,16247,16247,100.0,100.0,
児童発達支援,63,事業所FAX番号,18,16247,16247,14740,14737,90.72,90.71,
児童発達支援,63,事業所URL,19,16247,16247,11212,11212,69.01,69.01,
児童発達支援,63,事業所緯度,20,16247,16247,16247,16247,100.0,100.0,
児童発達支援,63,事業所経度,21,16247,16247,16247,16247,100.0,100.0,
児童発達支援,63,利用可能な時間帯（平日）,22,16247,16247,13206,13206,81.28,81.28,
児童発達支援,63,利用可能な時間帯（土曜）,23,16247,16247,8808,8808,54.21,54.21,
児童発達支援,63,利用可能な時間帯（日曜）,24,16247,16247,1975,1975,12.16,12.16,欠損多い
児童発達支援,63,利用可能な時間帯（祝日）,25,16247,16247,5768,5768,35.5,35.5,欠損多い
児童発達支援,63,定休日,26,16247,16247,13049,12956,80.32,79.74,
児童発達支援,63,利用可能曜日特記事項（留意事項）,27,16247,16247,3297,3075,20.29,18.93,欠損多い
児童発達支援,63,定員,28,16247,16247,13352,13352,82.18,82.18,
医療型児童発達支援,64,都道府県コード又は市区町村コード,0,39,39,39,39,100.0,100.0,
医療型児童発達支援,64,NO（※システム内の固有の番号、連番）,1,39,39,39,39,100.0,100.0,
医療型児童発達支援,64,指定機関名,2,39,39,39,39,100.0,100.0,
医療型児童発達支援,64,法人の名称,3,39,39,39,39,100.0,100.0,
医療型児童発達支援,64,法人の名称_かな,4,39,39,39,39,100.0,100.0,
医療型児童発達支援,64,法人番号,5,39,39,35,35,89.74,89.74,
医療型児童発達支援,64,法人住所（市区町村）,6,39,39,39,39,100.0,100.0,
医療型児童発達支援,64,法人住所（番地以降）,7,39,39,39,39,100.0,100.0,
医療型児童発達支援,64,法人電話番号,8,39,39,39,39,100.0,100.0,
医療型児童発達支援,64,法人FAX番号,9,39,39,33,33,84.62,84.62,
医療型児童発達支援,64,法人URL,10,39,39,35,35,89.74,89.74,
医療型児童発達支援,64,サービス種別,11,39,39,39,39,100.0,100.0,
医療型児童発達支援,64,事業所の名称,12,39,39,39,39,100.0,100.0,
医療型児童発達支援,64,事業所の名称_かな,13,39,39,39,39,100.0,100.0,
医療型児童発達支援,64,事業所番号,14,39,39,39,39,100.0,100.0,
医療型児童発達支援,64,事業所住所（市区町村）,15,39,39,39,39,100.0,100.0,
医療型児童発達支援,64,事業所住所（番地以降）,16,39,39,39,39,100.0,100.0,
医療型児童発達支援,64,事業所電話番号,17,39,39,39,39,100.0,100.0,
医療型児童発達支援,64,事業所FAX番号,18,39,39,39,39,100.0,100.0,
医療型児童発達支援,64,事業所URL,19,39,39,31,31,79.49,79.49,
医療型児童発達支援,64,事業所緯度,20,39,39,39,39,100.0,100.0,
医療型児童発達支援,64,事業所経度,21,39,39,39,39,100.0,100.0,
医療型児童発達支援,64,利用可能な時間帯（平日）,22,39,39,35,35,89.74,89.74,
医療型児童発達支援,64,利用可能な時間帯（土曜）,23,39,39,3,3,7.69,7.69,ほぼ空
医療型児童発達支援,64,利用可能な時間帯（日曜）,24,39,39,1,1,2.56,2.56,ほぼ空
医療型児童発達支援,64,利用可能な時間帯（祝日）,25,39,39,1,1,2.56,2.56,ほぼ空
医療型児童発達支援,64,定休日,26,39,39,34,34,87.18,87.18,
医療型児童発達支援,64,利用可能曜日特記事項（留意事項）,27,39,39,8,7,20.51,17.95,欠損多い
医療型児童発達支援,64,定員,28,39,39,36,36,92.31,92.31,
放課後等デイサービス,65,都道府県コード又は市区町村コード,0,24156,24156,24156,24156,100.0,100.0,
放課後等デイサービス,65,NO（※システム内の固有の番号、連番）,1,24156,24156,24156,24156,100.0,100.0,
放課後等デイサービス,65,指定機関名,2,24156,24156,24156,24156,100.0,100.0,
放課後等デイサービス,65,法人の名称,3,24156,24156,24156,24156,100.0,100.0,
放課後等デイサービス,65,法人の名称_かな,4,24156,24156,24156,24156,100.0,100.0,
放課後等デイサービス,65,法人番号,5,24156,24156,21743,21743,90.01,90.01,
放課後等デイサービス,65,法人住所（市区町村）,6,24156,24156,24156,24156,100.0,100.0,
放課後等デイサービス,65,法人住所（番地以降）,7,24156,24156,24156,24156,100.0,100.0,
放課後等デイサービス,65,法人電話番号,8,24156,24156,24156,24156,100.0,100.0,
放課後等デイサービス,65,法人FAX番号,9,24156,24156,21863,21852,90.51,90.46,
放課後等デイサービス,65,法人URL,10,24156,24156,18300,18300,75.76,75.76,
放課後等デイサービス,65,サービス種別,11,24156,24156,24156,24156,100.0,100.0,
放課後等デイサービス,65,事業所の名称,12,24156,24156,24155,24155,100.0,100.0,
放課後等デイサービス,65,事業所の名称_かな,13,24156,24156,24156,24156,100.0,100.0,
放課後等デイサービス,65,事業所番号,14,24156,24156,24156,24156,100.0,100.0,
放課後等デイサービス,65,事業所住所（市区町村）,15,24156,24156,24156,24156,100.0,100.0,
放課後等デイサービス,65,事業所住所（番地以降）,16,24156,24156,24155,24155,100.0,100.0,
放課後等デイサービス,65,事業所電話番号,17,24156,24156,24156,24156,100.0,100.0,
放課後等デイサービス,65,事業所FAX番号,18,24156,24156,21870,21866,90.54,90.52,
放課後等デイサービス,65,事業所URL,19,24156,24156,16285,16285,67.42,67.42,
放課後等デイサービス,65,事業所緯度,20,24156,24156,24156,24156,100.0,100.0,
放課後等デイサービス,65,事業所経度,21,24156,24156,24156,24156,100.0,100.0,
放課後等デイサービス,65,利用可能な時間帯（平日）,22,24156,24156,19797,19797,81.95,81.95,
放課後等デイサービス,65,利用可能な時間帯（土曜）,23,24156,24156,15047,15047,62.29,62.29,
放課後等デイサービス,65,利用可能な時間帯（日曜）,24,24156,24156,2832,2832,11.72,11.72,欠損多い
放課後等デイサービス,65,利用可能な時間帯（祝日）,25,24156,24156,10488,10488,43.42,43.42,欠損多い
放課後等デイサービス,65,定休日,26,24156,24156,19517,19340,80.8,80.06,
放課後等デイサービス,65,利用可能曜日特記事項（留意事項）,27,24156,24156,6158,5776,25.49,23.91,欠損多い
放課後等デイサービス,65,定員,28,24156,24156,20026,20026,82.9,82.9,
居宅訪問型児童発達支援,66,都道府県コード又は市区町村コード,0,346,346,346,346,100.0,100.0,
居宅訪問型児童発達支援,66,NO（※システム内の固有の番号、連番）,1,346,346,346,346,100.0,100.0,
居宅訪問型児童発達支援,66,指定機関名,2,346,346,346,346,100.0,100.0,
居宅訪問型児童発達支援,66,法人の名称,3,346,346,346,346,100.0,100.0,
居宅訪問型児童発達支援,66,法人の名称_かな,4,346,346,346,346,100.0,100.0,
居宅訪問型児童発達支援,66,法人番号,5,346,346,326,326,94.22,94.22,
居宅訪問型児童発達支援,66,法人住所（市区町村）,6,346,346,346,346,100.0,100.0,
居宅訪問型児童発達支援,66,法人住所（番地以降）,7,346,346,346,346,100.0,100.0,
居宅訪問型児童発達支援,66,法人電話番号,8,346,346,346,346,100.0,100.0,
居宅訪問型児童発達支援,66,法人FAX番号,9,346,346,308,308,89.02,89.02,
居宅訪問型児童発達支援,66,法人URL,10,346,346,287,287,82.95,82.95,
居宅訪問型児童発達支援,66,サービス種別,11,346,346,346,346,100.0,100.0,
居宅訪問型児童発達支援,66,事業所の名称,12,346,346,346,346,100.0,100.0,
居宅訪問型児童発達支援,66,事業所の名称_かな,13,346,346,346,346,100.0,100.0,
居宅訪問型児童発達支援,66,事業所番号,14,346,346,346,346,100.0,100.0,
居宅訪問型児童発達支援,66,事業所住所（市区町村）,15,346,346,346,346,100.0,100.0,
居宅訪問型児童発達支援,66,事業所住所（番地以降）,16,346,346,346,346,100.0,100.0,
居宅訪問型児童発達支援,66,事業所電話番号,17,346,346,346,346,100.0,100.0,
居宅訪問型児童発達支援,66,事業所FAX番号,18,346,346,300,300,86.71,86.71,
居宅訪問型児童発達支援,66,事業所URL,19,346,346,223,223,64.45,64.45,
居宅訪問型児童発達支援,66,事業所緯度,20,346,346,346,346,100.0,100.0,
居宅訪問型児童発達支援,66,事業所経度,21,346,346,346,346,100.0,100.0,
居宅訪問型児童発達支援,66,利用可能な時間帯（平日）,22,346,346,278,278,80.35,80.35,
居宅訪問型児童発達支援,66,利用可能な時間帯（土曜）,23,346,346,90,90,26.01,26.01,欠損多い
居宅訪問型児童発達支援,66,利用可能な時間帯（日曜）,24,346,346,21,21,6.07,6.07,ほぼ空
居宅訪問型児童発達支援,66,利用可能な時間帯（祝日）,25,346,346,63,63,18.21,18.21,欠損多い
居宅訪問型児童発達支援,66,定休日,26,346,346,274,273,79.19,78.9,
居宅訪問型児童発達支援,66,利用可能曜日特記事項（留意事項）,27,346,346,40,36,11.56,10.4,欠損多い
居宅訪問型児童発達支援,66,定員,28,346,346,0,0,0.0,0.0,ほぼ空
保育所等訪問支援,67,都道府県コード又は市区町村コード,0,3711,3711,3711,3711,100.0,100.0,
保育所等訪問支援,67,NO（※システム内の固有の番号、連番）,1,3711,3711,3711,3711,100.0,100.0,
保育所等訪問支援,67,指定機関名,2,3711,3711,3711,3711,100.0,100.0,
保育所等訪問支援,67,法人の名称,3,3711,3711,3711,3711,100.0,100.0,
保育所等訪問支援,67,法人の名称_かな,4,3711,3711,3711,3711,100.0,100.0,
保育所等訪問支援,67,法人番号,5,3711,3711,3398,3398,91.57,91.57,
保育所等訪問支援,67,法人住所（市区町村）,6,3711,3711,3711,3711,100.0,100.0,
保育所等訪問支援,67,法人住所（番地以降）,7,3711,3711,3711,3711,100.0,100.0,
保育所等訪問支援,67,法人電話番号,8,3711,3711,3711,3711,100.0,100.0,
保育所等訪問支援,67,法人FAX番号,9,3711,3711,3221,3217,86.8,86.69,
保育所等訪問支援,67,法人URL,10,3711,3711,3059,3059,82.43,82.43,
保育所等訪問支援,67,サービス種別,11,3711,3711,3711,3711,100.0,100.0,
保育所等訪問支援,67,事業所の名称,12,3711,3711,3711,3711,100.0,100.0,
保育所等訪問支援,67,事業所の名称_かな,13,3711,3711,3711,3711,100.0,100.0,
保育所等訪問支援,67,事業所番号,14,3711,3711,3711,3711,100.0,100.0,
保育所等訪問支援,67,事業所住所（市区町村）,15,3711,3711,3711,3711,100.0,100.0,
保育所等訪問支援,67,事業所住所（番地以降）,16,3711,3711,3711,3711,100.0,100.0,
保育所等訪問支援,67,事業所電話番号,17,3711,3711,3711,3711,100.0,100.0,
保育所等訪問支援,67,事業所FAX番号,18,3711,3711,3231,3231,87.07,87.07,
保育所等訪問支援,67,事業所URL,19,3711,3711,2386,2386,64.3,64.3,
保育所等訪問支援,67,事業所緯度,20,3711,3711,3711,3711,100.0,100.0,
保育所等訪問支援,67,事業所経度,21,3711,3711,3711,3711,100.0,100.0,
保育所等訪問支援,67,利用可能な時間帯（平日）,22,3711,3711,2734,2734,73.67,73.67,
保育所等訪問支援,67,利用可能な時間帯（土曜）,23,3711,3711,747,747,20.13,20.13,欠損多い
保育所等訪問支援,67,利用可能な時間帯（日曜）,24,3711,3711,173,173,4.66,4.66,ほぼ空
保育所等訪問支援,67,利用可能な時間帯（祝日）,25,3711,3711,392,392,10.56,10.56,欠損多い
保育所等訪問支援,67,定休日,26,3711,3711,2640,2632,71.14,70.92,
保育所等訪問支援,67,利用可能曜日特記事項（留意事項）,27,3711,3711,541,478,14.58,12.88,欠損多い
保育所等訪問支援,67,定員,28,3711,3711,0,0,0.0,0.0,ほぼ空
福祉型障害児入所施設,68,都道府県コード又は市区町村コード,0,243,243,243,243,100.0,100.0,
福祉型障害児入所施設,68,NO（※システム内の固有の番号、連番）,1,243,243,243,243,100.0,100.0,
福祉型障害児入所施設,68,指定機関名,2,243,243,243,243,100.0,100.0,
福祉型障害児入所施設,68,法人の名称,3,243,243,243,243,100.0,100.0,
福祉型障害児入所施設,68,法人の名称_かな,4,243,243,243,243,100.0,100.0,
福祉型障害児入所施設,68,法人番号,5,243,243,239,239,98.35,98.35,
福祉型障害児入所施設,68,法人住所（市区町村）,6,243,243,243,243,100.0,100.0,
福祉型障害児入所施設,68,法人住所（番地以降）,7,243,243,243,243,100.0,100.0,
福祉型障害児入所施設,68,法人電話番号,8,243,243,243,243,100.0,100.0,
福祉型障害児入所施設,68,法人FAX番号,9,243,243,231,231,95.06,95.06,
福祉型障害児入所施設,68,法人URL,10,243,243,235,235,96.71,96.71,
福祉型障害児入所施設,68,サービス種別,11,243,243,243,243,100.0,100.0,
福祉型障害児入所施設,68,事業所の名称,12,243,243,243,243,100.0,100.0,
福祉型障害児入所施設,68,事業所の名称_かな,13,243,243,243,243,100.0,100.0,
福祉型障害児入所施設,68,事業所番号,14,243,243,243,243,100.0,100.0,
福祉型障害児入所施設,68,事業所住所（市区町村）,15,243,243,243,243,100.0,100.0,
福祉型障害児入所施設,68,事業所住所（番地以降）,16,243,243,243,243,100.0,100.0,
福祉型障害児入所施設,68,事業所電話番号,17,243,243,243,243,100.0,100.0,
福祉型障害児入所施設,68,事業所FAX番号,18,243,243,232,232,95.47,95.47,
福祉型障害児入所施設,68,事業所URL,19,243,243,193,193,79.42,79.42,
福祉型障害児入所施設,68,事業所緯度,20,243,243,243,243,100.0,100.0,
福祉型障害児入所施設,68,事業所経度,21,243,243,243,243,100.0,100.0,
福祉型障害児入所施設,68,利用可能な時間帯（平日）,22,243,243,0,0,0.0,0.0,ほぼ空
福祉型障害児入所施設,68,利用可能な時間帯（土曜）,23,243,243,0,0,0.0,0.0,ほぼ空
福祉型障害児入所施設,68,利用可能な時間帯（日曜）,24,243,243,0,0,0.0,0.0,ほぼ空
福祉型障害児入所施設,68,利用可能な時間帯（祝日）,25,243,243,0,0,0.0,0.0,ほぼ空
福祉型障害児入所施設,68,定休日,26,243,243,0,0,0.0,0.0,ほぼ空
福祉型障害児入所施設,68,利用可能曜日特記事項（留意事項）,27,243,243,0,0,0.0,0.0,ほぼ空
福祉型障害児入所施設,68,定員,28,243,243,234,234,96.3,96.3,
医療型障害児入所施設,69,都道府県コード又は市区町村コード,0,227,227,227,227,100.0,100.0,
医療型障害児入所施設,69,NO（※システム内の固有の番号、連番）,1,227,227,227,227,100.0,100.0,
医療型障害児入所施設,69,指定機関名,2,227,227,227,227,100.0,100.0,
医療型障害児入所施設,69,法人の名称,3,227,227,227,227,100.0,100.0,
医療型障害児入所施設,69,法人の名称_かな,4,227,227,227,227,100.0,100.0,
医療型障害児入所施設,69,法人番号,5,227,227,218,218,96.04,96.04,
医療型障害児入所施設,69,法人住所（市区町村）,6,227,227,227,227,100.0,100.0,
医療型障害児入所施設,69,法人住所（番地以降）,7,227,227,227,227,100.0,100.0,
医療型障害児入所施設,69,法人電話番号,8,227,227,227,227,100.0,100.0,
医療型障害児入所施設,69,法人FAX番号,9,227,227,208,208,91.63,91.63,
医療型障害児入所施設,69,法人URL,10,227,227,217,217,95.59,95.59,
医療型障害児入所施設,69,サービス種別,11,227,227,227,227,100.0,100.0,
医療型障害児入所施設,69,事業所の名称,12,227,227,227,227,100.0,100.0,
医療型障害児入所施設,69,事業所の名称_かな,13,227,227,227,227,100.0,100.0,
医療型障害児入所施設,69,事業所番号,14,227,227,227,227,100.0,100.0,
医療型障害児入所施設,69,事業所住所（市区町村）,15,227,227,227,227,100.0,100.0,
医療型障害児入所施設,69,事業所住所（番地以降）,16,227,227,227,227,100.0,100.0,
医療型障害児入所施設,69,事業所電話番号,17,227,227,227,227,100.0,100.0,
医療型障害児入所施設,69,事業所FAX番号,18,227,227,215,215,94.71,94.71,
医療型障害児入所施設,69,事業所URL,19,227,227,190,190,83.7,83.7,
医療型障害児入所施設,69,事業所緯度,20,227,227,227,227,100.0,100.0,
医療型障害児入所施設,69,事業所経度,21,227,227,227,227,100.0,100.0,
医療型障害児入所施設,69,利用可能な時間帯（平日）,22,227,227,0,0,0.0,0.0,ほぼ空
医療型障害児入所施設,69,利用可能な時間帯（土曜）,23,227,227,0,0,0.0,0.0,ほぼ空
医療型障害児入所施設,69,利用可能な時間帯（日曜）,24,227,227,0,0,0.0,0.0,ほぼ空
医療型障害児入所施設,69,利用可能な時間帯（祝日）,25,227,227,0,0,0.0,0.0,ほぼ空
医療型障害児入所施設,69,定休日,26,227,227,0,0,0.0,0.0,ほぼ空
医療型障害児入所施設,69,利用可能曜日特記事項（留意事項）,27,227,227,0,0,0.0,0.0,ほぼ空
医療型障害児入所施設,69,定員,28,227,227,194,194,85.46,85.46,
障害児相談支援,70,都道府県コード又は市区町村コード,0,9509,9509,9509,9509,100.0,100.0,
障害児相談支援,70,NO（※システム内の固有の番号、連番）,1,9509,9509,9509,9509,100.0,100.0,
障害児相談支援,70,指定機関名,2,9509,9509,9509,9509,100.0,100.0,
障害児相談支援,70,法人の名称,3,9509,9509,9509,9509,100.0,100.0,
障害児相談支援,70,法人の名称_かな,4,9509,9509,9509,9509,100.0,100.0,
障害児相談支援,70,法人番号,5,9509,9509,8806,8806,92.61,92.61,
障害児相談支援,70,法人住所（市区町村）,6,9509,9509,9509,9509,100.0,100.0,
障害児相談支援,70,法人住所（番地以降）,7,9509,9509,9508,9508,99.99,99.99,
障害児相談支援,70,法人電話番号,8,9509,9509,9508,9508,99.99,99.99,
障害児相談支援,70,法人FAX番号,9,9509,9509,8844,8843,93.01,93.0,
障害児相談支援,70,法人URL,10,9509,9509,6874,6874,72.29,72.29,
障害児相談支援,70,サービス種別,11,9509,9509,9509,9509,100.0,100.0,
障害児相談支援,70,事業所の名称,12,9509,9509,9509,9509,100.0,100.0,
障害児相談支援,70,事業所の名称_かな,13,9509,9509,9509,9509,100.0,100.0,
障害児相談支援,70,事業所番号,14,9509,9509,9509,9509,100.0,100.0,
障害児相談支援,70,事業所住所（市区町村）,15,9509,9509,9509,9509,100.0,100.0,
障害児相談支援,70,事業所住所（番地以降）,16,9509,9509,9508,9508,99.99,99.99,
障害児相談支援,70,事業所電話番号,17,9509,9509,9508,9508,99.99,99.99,
障害児相談支援,70,事業所FAX番号,18,9509,9509,8470,8470,89.07,89.07,
障害児相談支援,70,事業所URL,19,9509,9509,4716,4716,49.6,49.6,欠損多い
障害児相談支援,70,事業所緯度,20,9509,9509,9509,9509,100.0,100.0,
障害児相談支援,70,事業所経度,21,9509,9509,9509,9509,100.0,100.0,
障害児相談支援,70,利用可能な時間帯（平日）,22,9509,9509,6572,6572,69.11,69.11,
障害児相談支援,70,利用可能な時間帯（土曜）,23,9509,9509,1495,1495,15.72,15.72,欠損多い
障害児相談支援,70,利用可能な時間帯（日曜）,24,9509,9509,576,576,6.06,6.06,ほぼ空
障害児相談支援,70,利用可能な時間帯（祝日）,25,9509,9509,1149,1149,12.08,12.08,欠損多い
障害児相談支援,70,定休日,26,9509,9509,7159,7122,75.29,74.9,
障害児相談支援,70,利用可能曜日特記事項（留意事項）,27,9509,9509,1639,1509,17.24,15.87,欠損多い
障害児相談支援,70,定員,28,9509,9509,0,0,0.0,0.0,ほぼ空
